id,Num_points,mean,median,variance,standard_deviation,mean_change,kurtosis,minimum,maximum,Min(max_error)_Top_down,Max(max_error)_Top_down,Min(max_error)_Bottom_up,Max(max_error)_Bottom_up,Min(max_error)_SLDW,Max(max_error)_SLDW,Min(max_error)_SWAB,Max(max_error)_SWAB,Best(max_error)_SWAB
LIT 301,14996,946.637019289744,981.1587,8494.47800724574,92.16549249716913,0.0102171323774591,-1.0729108938441034,730.7021,1112.77563,100000,500000,0.1,700.0,20000,200000,0.1,700,500
MV 501,14996,1.9885302747399307,2.0,0.0132053352397484,0.1149144692358123,0.0,133.3392917333651,0.0,2.0,20,100,1.0,5.0,10,40,0.1,700,500
MV201,14996,1.3697652707388637,1.0,0.2449087472494665,0.4948825590475649,0.0,-1.4708405023802409,0.0,2.0,100,3000,4.0,5.0,215,300,0.1,700,500
MV 501,14996,1.374166444385169,1.0,0.2341659162813293,0.4839069293586622,0.0,-1.7297002685317977,1.0,2.0,100,2000,1.0,55.0,1,15,0.1,700,500
P301 Status,14996,1.4775273406241665,1.0,0.24949497958057767,0.49949472427702146,6.668889629876625e-05,-1.9921674082357972,1.0,2.0,20,75,0.05,0.1,1,40,0.1,700,500
